radius,A100,V100,MI250X,MI100
0,3.2695531845092773,,,
1,3.420233726501465,,,
2,3.8067102432250977,,,
3,4.2476654052734375,,,
4,4.672646522521973,,,
