radius,A100,V100,MI250X,MI100
0,3.268718719482422,,,
1,3.6393404006958012,,,
