Method,H100,A100,V100,MI250X GCD,MI100
PT-FP32,,41.854838498693425,53.41127631254494,96.96507250191644,
TF-FP32,,20.42973041534424,62.87217140197754,101.31728649139404,
