radius,H100,A100,V100,MI250X GCD,MI100
0,0.102698,0.2053469999999999,0.340845,0.2089385,0.27105999999999997
1,0.10503950000000001,0.211571,0.355618,0.21251,0.27337449999999996
2,0.1052565,0.213627,0.36281,0.2125755,0.273655
4,0.106208,0.2189915,0.38814499999999996,0.213602,0.273134
8,0.118477,0.2414415,0.412205,0.21597650000000002,0.27923549999999997
16,0.1690065,0.3884785,0.4711635,0.2640895,0.3229025
32,0.291588,0.6585260000000001,0.6781790000000001,0.45265900000000003,0.537582
64,0.5488345,1.21884,1.20153,0.8639625,0.9625509999999999
128,1.0614,2.37207,2.3133749999999997,1.686915,1.7625000000000002
256,2.08938,3.64442,4.54247,3.34554,3.46284
512,4.145745,7.164994999999999,8.888110000000001,6.660275,6.861075
1024,8.263395,14.2177,17.7949,13.28705,13.66985
